{"name":"sbt","version":"1.9.8","bspVersion":"2.1.0-M1","languages":["scala"],"argv":["/root/.cache/coursier/arc/https/github.com/adoptium/temurin11-binaries/releases/download/jdk-11.0.22%252B7/OpenJDK11U-jdk_x64_linux_hotspot_11.0.22_7.tar.gz/jdk-11.0.22+7/bin/java","-Xms100m","-Xmx100m","-classpath","/root/.cache/coursier/arc/https/github.com/sbt/sbt/releases/download/v1.9.8/sbt-1.9.8.zip/sbt/bin/sbt-launch.jar","-Dsbt.script=/root/.cache/coursier/arc/https/github.com/sbt/sbt/releases/download/v1.9.8/sbt-1.9.8.zip/sbt/bin/sbt","xsbt.boot.Boot","-bsp"]}